Id;;Keyword
1;;Abgangsentschädigung
2;;Ablehnung
3;;Abnahme
4;;Abrechnung
5;;Abschluss
6;;Absicht
7;;Abtretung
8;;Abweichungen
9;;Abzüge
10;;Adoption
11;;Akkordlohn
12;;Allgemeine Vorschriften
13;;Alter
14;;Amtsgeheimnis
15;;Angehörige
16;;Anlass
17;;Annahmeverzug
18;;Anordnungen
19;;Anpassungen
20;;Anschluss
21;;Anspruch
22;;Ansprüche
23;;Ansätze
24;;Anzahl Arbeitnehmer
25;;Arbeit
26;;Arbeiten
27;;Arbeitgeber
28;;Arbeitgeberinteressen
29;;Arbeitgeberpflichten
30;;Arbeitnehmer
31;;Arbeitnehmerrechte
32;;Arbeitnehmervertretung
33;;Arbeitsbedingungen
34;;Arbeitserzeugnis
35;;Arbeitserzeugnisse
36;;Arbeitsgeräte
37;;Arbeitsleistung
38;;Arbeitsstelle
39;;Arbeitsverhältnis
40;;Arbeitsvertrag
41;;Aufwendungen
42;;Ausbildung
43;;Ausführung
44;;Auslagen
45;;Ausnahmen
46;;Ausrichtung
47;;Bearbeitung
48;;Bedingungen
49;;Beeinträchtigung
50;;Beendigung
51;;Befristung
52;;Beginn
53;;Behörden
54;;Beiträge
55;;Belästigung
56;;Beobachtung
57;;Berechnung
58;;Bereitstellung
59;;Berufsausbildung
60;;Berufsausübung
61;;Berufslehre
62;;Berufsziel
63;;Beschränkungen
64;;Bestimmungen
65;;Betreuung
66;;Betrieb
67;;Betriebsübergang
68;;Datenschutz
69;;Dauer
70;;Definition
71;;Delcredere
72;;Designs
73;;Dienstjahr
74;;Dienstjahre
75;;Differenz
76;;Drittarbeit
77;;Durchführung
78;;Ehegatte
79;;Ehepartner
80;;Eigenleistung
81;;Eignung
82;;Einhaltung
83;;Einschränkungen
84;;Einsicht
85;;Einsprache
86;;Einzelarbeitsvertrag
87;;Eltern
88;;Ende
89;;Entlohnung
90;;Entschädigung
91;;Erben
92;;Erfindungen
93;;Erfolgsrechnung
94;;Erfüllung
95;;Ersatz
96;;Ersatzleistungen
97;;Fahrlässigkeit
98;;Ferien
99;;Ferienlohn
100;;Folgen
101;;Forderungen
102;;Form
103;;Formfreiheit
104;;Freiheit
105;;Freizeit
106;;Freizügigkeit
107;;Frist
108;;Fristen
109;;Fristlos
110;;Fristlose Kündigung
111;;Fälligkeit
112;;Geburt
113;;Gehalt
114;;Geheimhaltung
115;;Geld
116;;Geldlohn
117;;Geltendmachung
118;;Geltungsbereich
119;;Gesamtarbeitsvertrag
120;;Geschäft
121;;Gesetz
122;;Gesundheit
123;;Gewinn
124;;Grenzen
125;;Gründe
126;;Gültigkeit
127;;Haftung
128;;Handelsreisendenvertrag
129;;Handelsreisender
130;;Hausgemeinschaft
131;;Heimarbeitnehmer
132;;Heimarbeitsvertrag
133;;Herausgabe
134;;Höhe
135;;Information
136;;Inhalte
137;;Insolvenz
138;;Interessen
139;;Invalidität
140;;Jugendarbeit
141;;Kaution
142;;Kinder
143;;Klagerecht
144;;Konfliktlösung
145;;Konkurrenz
146;;Konkurrenzverbot
147;;Konkurs
148;;Konsultation
149;;Kontrolle
150;;Konventionalstrafe
151;;Krankheit
152;;Kundschaft
153;;Kündigung
154;;Kündigungen
155;;Kündigungsfristen
156;;Kündigungsschutz
157;;Kürzung
158;;Lehrverhältnis
159;;Lehrvertrag
160;;Lehrzeugnis
161;;Leistung
162;;Leistungen
163;;Lernende
164;;Liquidität
165;;Lohn
166;;Lohnansprüche
167;;Lohnforderungen
168;;Lohnzuschlag
169;;Massenentlassung
170;;Material
171;;Maßnahmen
172;;Meldung
173;;Mindestlöhne
174;;Missbrauch
175;;Missbräuchliche Kündigung
176;;Motorfahrzeug
177;;Mutterschaft
178;;Nachlassverfahren
179;;Nachleistung
180;;Nichtantritt
181;;Normalarbeitsvertrag
182;;Nötige Aufschlüsse
183;;Organisation
184;;Personalvorsorge
185;;Personendaten
186;;Persönlichkeit
187;;Pflege
188;;Pflichten
189;;Priorität
190;;Probezeit
191;;Provision
192;;Provisionsabrechnung
193;;Provisionsfälligkeit
194;;Rate
195;;Rechenschaft
196;;Rechte
197;;Regelung
198;;Regelungen
199;;Reisetätigkeit
200;;Retentionsrecht
201;;Richter
202;;Risiken
203;;Ruhetag
204;;Rückbehalt
205;;Rückgabe
206;;Rückgabepflichten
207;;Schaden
208;;Schadenersatz
209;;Schiedsgericht
210;;Schriftform
211;;Schutz
212;;Schwangerschaft
213;;Sicherheit
214;;Sittlichkeit
215;;Sondervergütung
216;;Sorgfalt
217;;Sorgfaltspflicht
218;;Sozialplan
219;;Teilzeitarbeit
220;;Termine
221;;Tod
222;;Treue
223;;Tripartite Kommission
224;;Tätigkeitskreis
225;;Umsatz
226;;Umstände
227;;Unbefristet
228;;Unfall
229;;Ungerechtfertigte Entlassung
230;;Ungültigkeit
231;;Unterdeckung
232;;Unterkunft
233;;Unterstützung
234;;Unzeit
235;;Urlaub
236;;Verantwortung
237;;Verbot
238;;Vereinbarung
239;;Verfahren
240;;Vergütung
241;;Verhalten
242;;Verhandlungspflicht
243;;Verhinderung
244;;Verhältnis
245;;Verjährung
246;;Verlangen
247;;Verlassen
248;;Verpflegung
249;;Verpflichtungen
250;;Verpfändung
251;;Verrechnung
252;;Verschwiegenheit
253;;Versicherung
254;;Verteilung
255;;Vertrag
256;;Vertragsparteien
257;;Verzicht
258;;Vollmachten
259;;Voraussetzungen
260;;Vorbehalt
261;;Vorbehalte
262;;Vorbezug
263;;Vorschriften
264;;Vorschuss
265;;Vorsorge
266;;Vorsorgeleistungen
267;;Vorsorgeschutz
268;;vorzeitige Auflösung
269;;Wartezeit
270;;Wegfall
271;;Weisungen
272;;Wirkungen
273;;Wochen
274;;Wohneigentum
275;;Währung
276;;Zahlung
277;;Zahlungsunfähigkeit
278;;Zeitlohn
279;;Zeitpunkt
280;;Zeugnis
281;;Zivilrecht
282;;Zumutbarkeit
283;;Zuständigkeit
284;;Zuweisung
285;;Zwingendes Recht
286;;Übergang
287;;Überstunden
288;;Übertragung
289;;Übertrettung
290;;Öffentlich
291;;Änderungen